title,date,source,link,month
"Even without social media, phones have a subtle, damaging effect on our mental health | Devi Sridhar - The Guardian",2026-04-26 19:28:00,The Guardian,https://news.google.com/rss/articles/CBMinAFBVV95cUxOemgxQkN0YUZTc3RQT3JpVGhFS3FGd2N2MHRaQkF6NTRyMURNQ19ETUJZYkRzNnRwbHlFTWRKSjdSbU9rOEEzX08zSE1uczJOT05MMlVvLVVZeDM4Rml0ZmtnaTA5cEUxWVlkek9memVUVW9ub0tZS0xmY2x3eTlHNy04SXpLZjk0cVdWSW9YRmhhZlRKeVNKSkRqVFY?oc=5,2026-04
Children’s extended social media use linked to increased depression and anxiety - Imperial College London,2026-03-23 07:00:00,Imperial College London,https://news.google.com/rss/articles/CBMixAFBVV95cUxNRWREQjRKT1JNNFVycmZvcW9qZ0pEQ0tTc0p0aTN5TnlLOWNydkVvUUg4bUhCVzVpU3pJTkZ6bE9TV0RZSFlFSGY3MHdSSWZ1eTBPNExaVmxSdmh6LVdIVkd5YkVMaWdfREkwblB0QVBzLVN5a3p6T09HamJIdWd4VXpWQTE3TE9ZWXdGMFlWdXJUUVotYTIwY0NobE92dXB5anBiLS1QX0FSQ0ozV1ZONVd2WDVPMmI3blNaMm5OdGtaUERQ?oc=5,2026-03
Cricket club bans social media comments to protect players’ mental health - Al Jazeera,2026-05-01 15:05:41,Al Jazeera,https://news.google.com/rss/articles/CBMitAFBVV95cUxQUDNtX2xlbjlOMWQta2tOMVE5V2xNVTA4Sy0xUVdTd1lfWThlck9GeVpGSkRFQ1Z2MkhXQXpzeWFZZWdHeGhhMWpFQ0hTd1hTRFQ1Z3BvemdzMDd4amt4enB6OTEyaUZGV2R6ek5mcFB5T1FDdmFSWnNBeV9BR1ZtSWk2S1F2bTVTdnE1enIzeWZ6YnRrZHFzajVwZk5SVmxCX1ItSEVEUGxoWVVRLVdoTVB5ci3SAboBQVVfeXFMUDRQYzhPY3ZTcVNXMDJJVndBX21XYnpLUE9UVWZuRnFaaTFCWEZydGZ1d0tPczBYeFNXNXFvVEVQeWtlWlFnd0dBQ1VSZmtyaUhUQ1JNOVpRcExRZWZTajdYQUVOYzJWUlR1azY1T0Fza1pIanNUOXB6bXRhRXdJQnhNNUJKOC10UVFldEE4NjhvQ1JBLXpWakxtUERJdS1laUJFNmJ1SThGQWZtZHo3aGtHeW5kcFc3Y0hR?oc=5,2026-05
Thousands of UK schoolchildren to take part in major study of social media use and teen mental health - University of Cambridge,2026-01-20 08:00:00,University of Cambridge,https://news.google.com/rss/articles/CBMic0FVX3lxTE8zTy11RlVqb3Zkb2J5TkJFQXdUZnd2SURTU2RGVTQ4akpEcjh3cFlMZzhkYmszdEJsMGkzUEg3cW9BSnFFYUl2ZkROeTdIVHJZSjdxaUJhNnlLU3hZY1Y2ZENNN1pHXzZkRGw1UkFiZ1FBaG8?oc=5,2026-01
Time spent on gaming and social media not to blame for teen mental health issues - The University of Manchester,2026-01-14 08:00:00,The University of Manchester,https://news.google.com/rss/articles/CBMihAFBVV95cUxNZ01yOVk2eDUtZXdSeTJ5S09hU3VnSEVuSGFiT0tnYldqQTc1VDNBNG5ubjhjZW9qaFZ6eVpHdEU3Nm1xeldUZUJSbGNLVlloRk1tUm05di10RFRSaTNSWlY1R1R2bHB3SklzcHl2MjdLOEZHVXB2czZsaWo3LWlOaHVSSlo?oc=5,2026-01
More Than One in Three Say Social Media Harms Their Mental Health - EMJ,2026-02-25 08:00:00,EMJ,https://news.google.com/rss/articles/CBMiuAFBVV95cUxQWFBITE83XzdOS0NidzM0WUVya1djZl96eVRicDZXeXd3OWZOOUl1LU9KcjhqRnJvaU5TX0JEa09RdjRxSk1UUGkwNDM3QzJEblNHQmhiaGhXVU5jelNXQkp0YXl3YjZMUmhQMjhKN1gwdkpvQzJiTWViSC1RWDNwcS0wcjRLN1duV29CTjBzdTU0NVRjcVZxYy0yeVFnY2lTY1RMMElvOTdKZVRmNV80RVM1U2JlS0E5?oc=5,2026-02
Thematic dialogue on social media and children’s mental health - coe.int,2026-04-17 11:43:19,coe.int,https://news.google.com/rss/articles/CBMinwFBVV95cUxNdEhKMmNTN3c4VVdqVVJXYVE3SE5vZkFxWlU1UFpmSVJINjdQMGJGaHFNeHR1aHA4U2tya3lRZGRZaUNFbHVxbmVPQ1JyYkt5R3U3azVuWEhMaEw4SDVOZG9zdzQ0b3lzX2RRQWY4UkNhSk1walN3Nkhub0VBcHZlVnoyZFJmd0Y3UENRVlN3dWZLeUc4VVNlYW0xOTFrVUE?oc=5,2026-04
Social Media and the Effects on Teens - Healthline,2026-04-30 00:38:03,Healthline,https://news.google.com/rss/articles/CBMicEFVX3lxTE1yNC1IVFNkWkVYQnVpV3owMF9DZFMtakNWVmhHSWtpcE9rTlpIVU1zd2tiQWpDXy1oQ29lRVF1STEwNVY4N3dQbzhaaUc0SHR3RlJ1ZVIwUGh4U01IZnRyNkNKWU5ELXdXMnNLWW5mUmg?oc=5,2026-04
Mental health and digital use for youth - World Health Organization (WHO),2026-04-16 07:00:00,World Health Organization (WHO),https://news.google.com/rss/articles/CBMi1AFBVV95cUxPX1ZPbjl3VVRibjdqMTdoWndQbG4zbGlqRHpST1I1bzF2blllb3FyN01raEx3MFIwZzVlUDhQSzBfbXNPOHNkZG01ek9FQnZjLVV1RzFpUFVGTmhNNGZRbndmb3JTZTMzYzhSeXJFcHNmZXFUbE9vUzhHWU52YzdzbkhvR3VvMTJIV2VfWVRTZWtjcTlhVzVVSlRRQzBMLXBzd2Z3NlFVeGZKWGR2dFRKNHpyN3UzdjExSEdHRVdKcmVoYVhNMF83WE4wM3AwSlNuMm1NMw?oc=5,2026-04
"Social media may not be harming teenagers’ mental health, study finds - Euronews.com",2026-01-16 08:00:00,Euronews.com,https://news.google.com/rss/articles/CBMizgFBVV95cUxPUktjTEwtXzZJa2Q2MFplSmNDaWV4V2Z6amNRWEZKWWpjRlhsaDQ3WTJsSjl5YnlMNUUxNVQ5dzNDaW9xTTE5NHlZSFVVTk9GVVk1cFQ0VEtsZnY2Nlc4ZHFmZUI5dEZWRjJwMVVGWjJiSjZ5ZkRIWWdSZ2FKY1FMWjI3LUxSQkticmkzMkpJYWhWRnlZMGRCZ3E1cFRtb0N6V3VTaEpKbUVSREl6RkwtNm9oS3VpaTg4anhPMURmQ0J6VmNCd2FQZ29PVGRWUQ?oc=5,2026-01
Social media and children’s mental health - Centre for Mental Health,2026-02-03 08:00:00,Centre for Mental Health,https://news.google.com/rss/articles/CBMiigFBVV95cUxOQllKLV82RDZiQl9zMVFjTGRjSUl2SWo1bjdYazR2Y015eGdHR1lfUkZFbTlpUFdfeVUzWnBDa2ZWTG5zVkxVQmRDSE5HVENUVVJKeU5yT1FZLWNNUGFYUVZ3T2RQUWxBZHFxMkRVMjVkc29ZQjNhZWRlS2NQa3lxTDR6SGJ1QzdETnc?oc=5,2026-02
"Social media is boosting mental health disorders and suicidal thoughts among teens, particularly in girls - The Conversation",2026-01-28 08:00:00,The Conversation,https://news.google.com/rss/articles/CBMi1gFBVV95cUxNSDd6RGRLeWJBYXkwSzlGQ0lCTEhsSlN0dGpieUNkRUo3U09XbUNHX0xNbERORXBxeElwOUtjQ0J0YU5qTGFxV01PSGhSZTBZZTB1ZzVQQ0xJeWtZeFl1WkVXNFdvSzE2aHNnRVN1OFMyWm1reHpjSm9ISmJxQXlZNk00eVlUV280cVNyc1JmbERTcmgyWk8ySkpuUVFfenRReXVrejlBUGx5VFlldjYtM1k5b3V1ZEdrUVFoaE1uSDJpSjBvQUEwMlFCN284WUxzMGlmZVdR?oc=5,2026-01
Meta and Google liable for social media harm to children’s mental health in landmark US case - Financial Times,2026-03-25 07:00:00,Financial Times,https://news.google.com/rss/articles/CBMihAFBVV95cUxOcmdSOTdZc1RYbXlsZWdrc1BCenljdnZLcFNkRm1RYVI3emFpTFFtVUg4VGdtZ1NuMVBQbHVHN1NZbXYzRUkzeTRoYUN6MFE1THRoSkNRMHVHWUo3ZGIwSjVTUEx4ZHJlWGVMNndJbUdIYjQ4eU9TSDVMR1hzeks0cDh2VTQ?oc=5,2026-03
New study challenges link between social media and mental health - The Independent,2026-01-17 08:00:00,The Independent,https://news.google.com/rss/articles/CBMimwFBVV95cUxNV181b0Y4NUQ4MzA4MEkxRWtKMFlzbFluc1ptYW5HSURfOE82Q0hIWjcySDhIWDh0SWVSdEhCejRaaWdFWVEzcThRNzFULTJoaDludHhqMTdmdG4wRzBpajJRd3huVGlNZGlaVEtseG5lNUpFUUIwZXBlY2xyclVXcENYdHNKNEpyOFkyZHJ4MUd5RUtXZEpVc2ZWWQ?oc=5,2026-01
Our bold new recommendations for the proposed under-16s social media ban - Mental Health Foundation,2026-04-02 07:00:00,Mental Health Foundation,https://news.google.com/rss/articles/CBMiwgFBVV95cUxQLUZpLVcwdHZTTjhUaVB5MGxuWDFYZFAtemhOX1ZvSm1RNmJkR2psZnJ5cTFJclFsVlZnZHZMZ0JicUJTUVplOFhwTEtfUTFiWE9KbGhtbUtpU2dfRlRKZjZtVFlkRTJ5N1R1LWs2WVEzX082Vnhaa0psQmNTclNxbERTTE53MG9DUGdKUkVQRHRrV3hVUzlpbmp4RDFiLXBfRWo4cnkyRVlZU3BEa1hrQXU3OTZSVm5OeGItdGsyWUxfQQ?oc=5,2026-04
"Instagram worse for mental health than WhatsApp, global study finds | Social media - The Guardian",2026-03-18 07:00:00,The Guardian,https://news.google.com/rss/articles/CBMipgFBVV95cUxNdlBSbVhNenNaRENybGZScWc4SVotMzlaMlhpa0hJenlGT0hWalFyR3VKdl9HaDB5MmN5cVkydnJlcXgyR0pPVnV5eUFVU1BUVl9SWTgtbGR3eDNNbl9ObF83S1hKWU9jeVNvM3pPWjJLTHZlNC1RczdZZE44eXM1WkVxSlBqbktKSFA3RmlfZmZ3VGJqN3VjOVllclpWWW9zUHNaWGZ3?oc=5,2026-03
Our study looked at teens’ social media behaviour in 43 countries – those from disadvantaged backgrounds face greater harms - The Conversation,2026-04-30 09:38:09,The Conversation,https://news.google.com/rss/articles/CBMi6wFBVV95cUxNbThETmlHWWh6VUYxMzJzR0hDLXN6WjFPOTdoMDBacXBIeG16Q0VvcGlaRmRkQUlmYWxHMGZaS3JPak5GNjAwOENLTnVMcGpxaDgyQzhtQ1BDN2N2ZlVhYm1rVzJxczhleEZ0T2pSSFVSRjdUOGtnOWdJRHpfOHNWUGlucnQwWGNXUmE0bTZlLUUtczZmQi1pYlRpM054a3NVaW5hNDd0bXRFT0h1VDZWcjRHWTV3LU4yU0tDRUVTdUFpQUk0TWUzcVlmUy1Cdzg2NTQwMEZlSzE3UW5laWd6YUFKaEJwLWs2SUtB?oc=5,2026-04
Social media time does not increase teenagers’ mental health problems – study - The Guardian,2026-01-14 08:00:00,The Guardian,https://news.google.com/rss/articles/CBMivAFBVV95cUxNODZVVGlxRjh2eXJRTElhTnRUM2xhWWQzWkNUcU92WnNkMzVWMnkxTE5UMVpKREl0X0E1Y3IyRFhqRi1pcVlkS2pCZFpoNXA5c05EWTdwT3Rqb19fWFJwbU9jcTRYWmRORXFIc3BsUkw3SUhod1VjZ0lXbVFIdGdLc05wZHFNTlg2VU81UzBHQ0VvQy0xT2dtdUNNY0RPSDFCRERiazZiUjIxRnN4ajBkZmdwTjlNVzNKRkhYMA?oc=5,2026-01
Study links children’s social media use with anxiety and depression in teenage years - The Guardian,2026-03-22 07:00:00,The Guardian,https://news.google.com/rss/articles/CBMilwFBVV95cUxOaTBrZGZSNmtlVHRTOHc5RW4yb2xTZmxOUjVwQXFnOU5sSlhOUVdwSGdUbndpcEN2dlFDZ0VwVTVzVGxzTTVpRHd2MVJuN2JrazE1VVd0TTUyelViZzVrdUFES2toQk16VGVkMGJ1VkRxUW5XRlBYeEJZUjZYM0NLb3hZLS0tcWhPQ3NxNGxjbC01RnVaM2w4?oc=5,2026-03
Social media companies are being sued for harming their users’ mental health – but are the platforms addictive? - The Guardian,2026-02-09 08:00:00,The Guardian,https://news.google.com/rss/articles/CBMiggFBVV95cUxOUno1dzUtb1hIcWVKdHVhTVlEbEpNX2hpODl2QUNYMmFyekppb09HLUxlLWx4NjNmUHozRGZKTEhvWmk0bE5VVUlaZkVsVWFEQVNXaXBrYkFmOUFZNXpZWl91Zi0xaEk5NW1XX0t0SzNwc0I4RG9YM09ZRTg5NlVJZ0FR?oc=5,2026-02
"Evidence for link between digital technology use and teenage mental health problems is weak, our large study suggests - The Conversation",2026-01-14 08:00:00,The Conversation,https://news.google.com/rss/articles/CBMi5gFBVV95cUxPaDM1R2NEbEtfRzNVRDR3WDg4SzBZQktyVE00V0JrNWlMZzJUWUlSLV9LTjJiNVhDN20wWWd1YjJmLVJTZ3h2dzA3TGloRHlwb0hpQUZ5WHg1QW1BQkZMa3g3MUpTNHVGcXhyaElxcG5NSWhOOS1xeG1GZEtUak94d0xIWndiLThyTm1JYnUyQWp4QUtRTnhQSjdQeUloaGxfNnhQanRYbDBPdEFWMEk3b3B5ZnRVUFNybWkxZURnOC10VmZFNlZ3NHk4Y2ZSNk1jWlB0WVlIZE9udXdTNlZ1akpJSnhkdw?oc=5,2026-01
Excessive social media found to harm teenagers’ mental health – but experts say moderation may be key - The Guardian,2025-06-25 07:00:00,The Guardian,https://news.google.com/rss/articles/CBMi3AFBVV95cUxPckxaaWI3ZEM4Wkx2d2VrS2JIY09yaGxvbDBFOHBFaFJjWWZzQTNmU1JzRnNPcXM4WW5IelRCM2syY2R1eXRYbkJwaDE4T3ltQmE4ZXN4TXJBY0FMLTVUT19rZWl5MHNqU0g4SlBpYlpVcks1UVh3ZWw1ZC1uWnFJMEVyQUlhV1lYOVlLLWdLckFNcXpTc1MxbUNZRzZKbjRGZTdJQmt5NU1RMEhVRVpwSE1OREdzVXRGWHVtSm9HRVVOSUZkdlpWc1ZONlJhMXZSbU11RXhpcXZEU0FO?oc=5,2025-06
Is the UK falling out of love with social media? - The Guardian,2026-04-05 07:00:00,The Guardian,https://news.google.com/rss/articles/CBMijwFBVV95cUxORWpkZWJFRnVjdjBjMHktYkpKbW5rZkJnX093WFVwZjZMc1pGdjNHVjMxM1JSN1dHVmFfLWpEelVrbUxHWTdPa0RnSEduc3J6ZHJkSHRKa2d0cXhXMGJMVWJLTmVnNkFXU0RRMTNIaWZZR28yNWFnZHRkenRCMWE3TUtFcWYyOFBYN0g5dU12Zw?oc=5,2026-04
Children’s social media addictions linked to mental health problems in new study - The Independent,2026-02-12 08:00:00,The Independent,https://news.google.com/rss/articles/CBMirwFBVV95cUxPdDFrc3Vlc05BQ0pGc3lTQkNLWEpyMHNNOTJxM0d2eHRRWHhLQ1FKa2ZlN1pGeXhycnZsTGFYbTdsS1BHb0tqOWNEdTBZblYtS1JaZlNxS0Z6bnJnNlVlZVZfU1hKY0FMT1o5S1BlU0tCU19EVUpmUk9NR3o2bzM1NGxFRS1CSWNIOGQ5U2FVMGgyVnROTUFaYUYzX2pPc3hPdC1XVm83UVM3OUlfcnNZ?oc=5,2026-02
Social Media and Youth Mental Health: Does More Use Always Mean More Harm? - Yale School of Medicine,2026-03-30 07:00:00,Yale School of Medicine,https://news.google.com/rss/articles/CBMiggFBVV95cUxNUGt2VElzX05xT0FtZ3Bic1cxVmpEa1BlNVRqQlJjRUg3UVZBRThyYUMwdDgtWWRrenBQTDVYNFFlNEhnbDNzV1M1MWxRWXRSQTJWdlBkcGYtbkM2OUl2V1Fad1lGMmdhZlY2Q3RnVzJCVGRMUHRPNHBWa19TQ1ZwYVFn?oc=5,2026-03
Multi-label mental health classification in social media posts with multi-perspective prompt ensemble and auxiliary self-supervision - Nature,2025-12-05 08:00:00,Nature,https://news.google.com/rss/articles/CBMiX0FVX3lxTFBkaEw2VFhDcUQ4cjdhMFZadV9xdTAzdEsyVUhadjlIQ1BfUC02SUJlYkc5dHBGVnAtcjdtN3ZoQ2RCdVRQVVJ5WVpjSlAyTnJwTllqWElDZTl4aks0ZFRr?oc=5,2025-12
"‘It’s the most urgent public health issue’: Dr Rangan Chatterjee on screen time, mental health – and banning social media until 18 - The Guardian",2026-02-16 08:00:00,The Guardian,https://news.google.com/rss/articles/CBMi2wFBVV95cUxPRWJmZGZJSlNzRVFfZDZiVmg1ckNnZ0g4emQ1VlloUmlnYmg5cWM2dWk2dkhxbWpMc0lxYzd2b3l0b1E4QkpqY3Y3NTdwNFNlWHA1OFV3akk3R2ZjcnhpdnBOZWRBV3VxUjBJUnIwTEc0S3ZzRDBkb0NXSDNBa0p0RjY0N1pGeDJpS0VnT3hod1dYTHc1dVp3Tmtyd3N5My15dVJRbWkzaHhiUjBJbUJIaXZkcFNlWURYT3lOX2ZjMkgxbFN0OHZTYnVZWEo3THBVcUxHVW9WSkZBZjg?oc=5,2026-02
Adults less active on social media and fewer believe it’s good for you - The Times,2026-04-02 07:00:00,The Times,https://news.google.com/rss/articles/CBMimAFBVV95cUxPTkU2MmpNRUxpR3B5cWtKN1JxbE9JUFM0SUo4QzRfeXk2X2l5UmNNWWJXWU1kZFBDWjRlc1ZnenFwTnJwVndaeXY3Y09vNWhIdW9xdmpjMi1oNnczZzdfVENFQ1NEdWdPMnIxMF9sQlFSaDdzQUxlTWQ5R2wtMWhFQUpTWkR0dDE2ekVROWhLYmo2ZVFvVjJQNA?oc=5,2026-04
Is social media addictive? What young adults say - BBC,2026-03-26 07:00:00,BBC,https://news.google.com/rss/articles/CBMiV0FVX3lxTE9hWVhpZnJPN3F6dTdHcGpJSDI2a21HNmZpVkJmTmRkb3IyUi1xOGJxYTdqYmhBZFBYUEhDMl9Pb0lFelNDT1dFdjBESnZUaWt2bTBBaGo1cw?oc=5,2026-03
Meta and YouTube found liable in social media addiction trial - BBC,2026-03-25 07:00:00,BBC,https://news.google.com/rss/articles/CBMiXEFVX3lxTE5wVU50ckhJbmVUbXgwZjd4U2dZSGxDQldBX2JQcVpySHRMM212WFVLWlNIazQ0ODRQZjYtZ25EekZCTGpSazVBRy1mTV9fYkV5WHpOT0dCT2Zhc1lI?oc=5,2026-03
Multi-modal deep-attention-BiLSTM based early detection of mental health issues using social media posts - Nature,2025-10-08 07:00:00,Nature,https://news.google.com/rss/articles/CBMiX0FVX3lxTE51UkkzRUdGX05WcDBjcXpFbzhIOHB1bzFJRUhKd2o4NllldnNMcExCcUNYVXM0bTNxMERud3BtMnZUYUl5M21TNkx1Z3ZDc0NfMlh0OWhwVU0yYnpJR0hR?oc=5,2025-10
Mental health of adolescents - World Health Organization (WHO),2025-09-01 07:00:00,World Health Organization (WHO),https://news.google.com/rss/articles/CBMifkFVX3lxTE9xM1FEZ1N0dUkyYjlqZUJsWjFBNW5tdU4zdHRRWWVzcmhIa25FSzU5QWtZbjE3enlHdDVobS1tOWJ5V3JTU1NDQTBKLW4wMnFLdjY4MVBvQ2Z3M2pwS19nSS16M1BoZVp0UmF4V0pkamQ5cTU3VnBocFN2OW1wQQ?oc=5,2025-09
The Digital Mental Health Paradox - Mad In America,2026-05-01 10:00:15,Mad In America,https://news.google.com/rss/articles/CBMie0FVX3lxTE56RmdUY0t3cDFSc2hxZTVfcGU4cEJzbGc1NmRaTXU0d3BJMFZuMkU5U1FPelY0cjl2c2lnSVR6RTgxdEVndXBuTEpVekFXUFlhZklJaldHSXRQbzhGSDF1M3R6TWFIRVBfMWk4aERDaW5KNWVaQlZxVHNwSQ?oc=5,2026-05
UK study to examine effects of restricting social media for children - The Guardian,2026-01-20 08:00:00,The Guardian,https://news.google.com/rss/articles/CBMipwFBVV95cUxQUDlsTmZOZkozTGhZamlHS0lmcHhuZTdJS0pNRFJLaFJ1bmpkaktQYVYzZnZaN2VoWk1MZ2NOODd2bVFqZ0N6R1BzaVNydUt5LVEtT1FtZzRUVWtEeVl6ZEJqeHF1MElHSTdHand0S056dmdYZTYwMHJXVGNWOTM2OWdzUnMtanBNY19JbGRUeXJocUJ6Zm9KQWNJZGZhaVUxdi1RV2xOZw?oc=5,2026-01
"Social media fuelling teen mental health crisis, report warns - The Independent",2026-03-19 07:00:00,The Independent,https://news.google.com/rss/articles/CBMimgFBVV95cUxOWWxQaWlCYVBnd0RnYmRPdUV5emZ4R3FpdkhTeTJCNTdnb3ZaVGpzdnFVc2lQOHBMUVM2aVY5b1hOZ212eFdfMFpwVmNGYV8wY19Fa3lUbTlkQ3I0UFpxdC02dXk3OWYzb0RhdmViakJiMFZsZ3ZCeEF6RVBlc3ZqSnUxRFlxSDhzQ1E1ZXVIQ1lKWWZpSFgtaVFR?oc=5,2026-03
"Amid growing calls to limit teens' use of AI chatbots, are parental controls enough? - CBC",2026-05-03 08:00:00,CBC,https://news.google.com/rss/articles/CBMihwFBVV95cUxOZi1KWFZuUDl5SFJNY1dEVldNZUhjU0cwczluVG5ET3g4akdLSkI0Y09ZUWRBak5ZRlVjaVJzencxNkxxXzRoczN2aUxzVEc4WGhfOVJqMmpVN19CZ0RzYnYwd3U2aVVqdjRFTXRIY3FJZFZXTnNkclpMLVhSX2FXWTRqNEZiX2c?oc=5,2026-05
Social Media and Adolescent Mental Health: A Comprehensive Narrative Review - Cureus,2026-02-06 08:00:00,Cureus,https://news.google.com/rss/articles/CBMiswFBVV95cUxQTUpZdmhLeVI2di1MX3RhbmprUFR6N1Y2Y1VmVkpyOXVPdlZubWNOMHBfcHVDbUctbzNIM2dOMENMM2xmNXQtWGVZX3dKWWJMT2ZQblptN3FhZFVCLVVHZ3NkdFdNakZfTTdhZE5qTnVyZXE3WUk3OWJkT3R4czctNFhEcjIwSGh2RDB2X2lMdHl4Y3drR2JBc3FHSGR6aDVXS1A3RlB3MDZYZER2S1R4RkZXdw?oc=5,2026-02
Ask Dr. Steve: How artificial intelligence is making social media more addictive and damaging (Part 2) - Standard-Examiner,2026-05-02 23:03:49,Standard-Examiner,https://news.google.com/rss/articles/CBMi6AFBVV95cUxQSHMtWUJGMXlOUzN4T2FpZWdZYnBKVmJjMGtHWF9xUUNVdVV4SmtyUDBCY0FlN1JpM2xfaDZSQU5xZHpZd1kzaDBCTllzT1FMdk1JMm84MmxTVHZodUZXS3ZRblh0TWF1X3RCYnJrN3RyTEVwdzJJRGhIMVAwa0ZqM01GUmhuWWJBOTUzU3NHa2YycWp6MEZTQ1RFQTZkdXJweHctMzhQWDVGcGd6bV9tb3lfdVVlWWxtNjJUc2lFT1I3VmViOXdkZnJUOGhFR0JMUVlpTlBHZFVOaVgxYkxkeXNpeTFZSjF0?oc=5,2026-05
"Mental health misinformation widespread on social media, study finds - Euronews.com",2026-03-20 07:00:00,Euronews.com,https://news.google.com/rss/articles/CBMivwFBVV95cUxQQmlRY0JqT09SRnkwREVjVUdOd2RDekItREFjSkZTNVNYdldFM1JNQk10SUlOVTBRRmNpWVN0dmdxWXJITzJncnZfUGhqbF9ybGFBUWw3bEhUSzBEdEpsZ194UGczRV9zd1dUYzk3V1Zmc1lPLVg3ZVhFXzR0aTg3VTVjRG1FTy1yN1NyNk5NZXVCNDdpdVdTc0Zma3dWTUJRTWE4blRqZEFRTjVaUEQ1SkNhbDRMVE43WldnSllZRQ?oc=5,2026-03
New social media study identifies the children ‘more likely to develop anxiety’ - The Independent,2026-03-23 07:00:00,The Independent,https://news.google.com/rss/articles/CBMimgFBVV95cUxOQnFBTnhCd05SUDZ3M3dBX0FKUF83UVFwcDlZcmphV2tnbmNzNFlmaG1RMElsa2J4VjR6WWlObjZvTzRURjVoNE5fUGRxdlhlaHpfOTc5SGxTaDRBb0h2eGxkZDVzSHUyMmRMMG5fR18tTXQzdmw2NHpTS19RTFdFRWtGLXRIRUJlbHV4TksyRXpUV1dDTlBLUG53?oc=5,2026-03
Zuckerberg grilled in landmark social media trial over teen mental health - The Guardian,2026-02-18 08:00:00,The Guardian,https://news.google.com/rss/articles/CBMikAFBVV95cUxQOE9ydEZ4a0dMVUgzbGZKSkRqUjlrSS1GbXpjaVUwNVVEN2FuYXk4RlVWMXJCVDNMcHo3Yk1ZeFpmSHdUQ0dBd2RNMkRzVGcyd29fUXFpb3NOd2JIREpJWDlscG1PeFU3ckVVd2JlR1pjUllkTEh1ZGpYX1R6dG5nX2ttZ2RFWW1qRHRUZzJEcTQ?oc=5,2026-02
Study links social media addiction to worse student mental health and points to family as a key buffer - News-Medical,2026-03-25 07:00:00,News-Medical,https://news.google.com/rss/articles/CBMi5AFBVV95cUxNZVZvVzh3WnZpMlNsRVlQeDNUcXhodGdCQ29xV1JHay1kd2trVmFSX1dzaXlRalR1SFMtQ3dBVFNoNUlJd0dxRHlrLTVVb1p2Nk5PMzN4QXpzVjhfQ3ltM3dXbEpFZlJHWEl0REVraTBkd3ZMc3ZjazZkU09jdjdoWWpFRDlXRDJxU1dyaGh3Z0dIWW9yczdDVFJXTmF2cjhoSkpxWkE3NGxBckR0OWU3Zmo2S3A2R01uTno5S0Y5cDl3ckduN3NJZWlWSlZqcmVtbjBibUw5ajYwclRGczlmNjhZUkc?oc=5,2026-03
Study links childhood social media use with anxiety and depression - The Independent,2026-03-23 07:00:00,The Independent,https://news.google.com/rss/articles/CBMipgFBVV95cUxNTEt0b1k5YWk2YlNpYzRlVFg0bXc0Zk1WR0hoTGJYdS1LZEI1V2R6RGJXTm1lYmtELTZQd19zQlFLN0d3QUN2Mmk2UEZCWFhRenZETEdyX2NtUnk5bmM0emowd1UzUXJpOGd1VTQ1S3k4OFZxQnVFZ19EZWZCcjlrWjE3TlRUVXBIZmFYbVJyOVZFd3lnUmFQUVQyRjBUX2hoTHc2dmpn?oc=5,2026-03
Researchers Embrace Complexity in Social Media and Teen Mental Health - Tech Policy Press,2026-02-20 08:00:00,Tech Policy Press,https://news.google.com/rss/articles/CBMimgFBVV95cUxNMzRfd0JZVXFQQTRqZThqOEVzZGFPdl9QZVdaVDd4WUJPekZXeTIxQi1JcTFZdW0wV2sxNWtlY1BGRk1xLWJhRElhRWE4aHpPcDVEWlBXUHpNa0FhcVNNOV9kSU0wYktJcU52YlhpQk1PeXJVTGw1blVFM0g2eGd0Z0pYcGRVdXc0bFZCdF9HOG9ZMmdMdTVQV05n?oc=5,2026-02
Teens struggling with mental health conditions use socials differently - British Psychological Society,2025-09-03 07:00:00,British Psychological Society,https://news.google.com/rss/articles/CBMipwFBVV95cUxNQ1UzWXlpYkQydk5TOE5Rd0NiWmtkcXJzVjAxR3IyMUd5bE0yd3NNZWRWOE9xZTlVTmxRQ3ZMNzRZNmR2Zy14SjhPc2sxdXFUWHVaaUNVaW5GckNzSmx6QkFsaGMyTHpuMXJGbEhIVC11cVQxLXpuWmRTa29FNk9UN1Z0eHZqZFU4X21XcmZxWDkwMXFFTDI2b3FVX2RLSThmWFd6YVNfMA?oc=5,2025-09
Study: Social media and gaming don’t endanger teen mental health - MediaCat UK - MediaCat UK,2026-01-16 08:00:00,MediaCat UK,https://news.google.com/rss/articles/CBMiiwFBVV95cUxPUEVMbTd2UHFkN3MzZ2pXUnhBenNhb3lzVlhTMHp6WWMyd1pUNlFFQXFKa0FSMEp5UmctNjA5S0dYSEFBZ19HS1VsLUxCU0ZWTzBMN3A0dzRTa0hOSTd5YTVyZzNmSXNFQng4OHlKMmlnaFB5d25ZajZLMmszbF9Pa1R1NVVFam9RdFRz0gGQAUFVX3lxTE1tTVZxN25uWDJERzVWWlNKUEh1V3EtSzJWc2dkUFE3ZjF0NHdtNGVtUnY2SnhUTDV6OEhoNGNSZzVkc2s4d19HQVV6OWhRT2I2U2RWSGY3YVJ0OFVKbXQwaElLc1lQam0wN3VfN1lCcXpReDFmUG8zeEt2YlZ3Z0N2dWRieEdhTWUtVGhub29zNw?oc=5,2026-01
Precise time on social media sparks mental health problem in children - Yorkshire Live,2026-03-23 07:00:00,Yorkshire Live,https://news.google.com/rss/articles/CBMilgFBVV95cUxQSGZHa1hwR25ZOGxEZmh0R2RyaEpCMTUwSWJuZ0ZuWHRfczlFS2c3aXFZQTB0MFhieEtvUEkzZVFxRmViMzdiM2ZXWUFJcmF5X003Z2Q4b09zdGpsY21Sc1RQb2RaVTl4a2F2VHBfeHYwRW5sdmxVdllwUVdSZGJFQ0NqRlZwSjJMU2RZMzBnYngtMHN1Y3fSAZsBQVVfeXFMT2lVU2lMWnhRUnRQRF9VQUhvQjZ1Mk85eUlJNkdVcWxZWnlzZHN2UEVGQ3hMd2tzekJhckh5TGhicHdFN255R3IxcmZtdjlQcEtrSWplTVZZVEtDTmN0TUw5TmxnTFpkZUtNR1BjVDRVcUJMUWdNNkI3WFN6S1htLUVRVWlWOGRwbnBMQ2t1ZUswWkpqbWU4dnZsWEk?oc=5,2026-03
What the research tells us about social media and teen mental health: a Q&A with Jonathan Platt - University of Iowa College of Public Health,2026-04-21 07:00:00,University of Iowa College of Public Health,https://news.google.com/rss/articles/CBMi2AFBVV95cUxPdl9LWFZHTG11YWJxUDVIV19wY2dXQnhBZW9pR25lMUUzemlSUVBMUk5KVmlxbmdQWF93eVNwU1dsVVc3UzhEdExEY3RBRlE1UkllN0dOT3JQNFM3T0xTZnR1bUZreDZXdFlkcFNvN3BFdmhNWnB6TUhYOEg1VTBjc1VBQ3Y5Ylg5WUlsQUN1anViWE5OekhqdXgybmVtSU82eWI2RVJUZUlkVWVnTEJHdm1XcURJRjhPTTIzaTFwWnluQXBMNUtpa1lzYWpoY2VzS1daSm1xSnY?oc=5,2026-04
Is Social Media Addictive? Signs of Social Media Addiction (2026) - Sokolove Law,2026-04-14 07:00:00,Sokolove Law,https://news.google.com/rss/articles/CBMie0FVX3lxTFB4X3BsSkRWSWNTM1FzcjBnN01IbkpZZEpacTBlVE1fNzVjcDI1cWV0Mlgxa2twSnBBcnp0ZjMzTHJzanlGZkZwYXhkN0dLZTR2Vms1T0VxWEFnTjFweGpXQTVvQ3VCSGt5elVjLXgtSnFqNFRFblljYnU4NA?oc=5,2026-04
Why late night social media posting could be bad for your health - The Independent,2025-10-10 07:00:00,The Independent,https://news.google.com/rss/articles/CBMisAFBVV95cUxPZmhMTms4MGtZZnlxVmdlTVk3MTd6WGdWYWNjZ1pPVU92YTV2OXZ1WElwa1NRYXg3N2dLTXgxR3VBWmhvQjZrOGh3UGVGQnpwUDYxN3A0MmNfRlh5M05tQ241Q09GNW5uSHk1YTRXZFc4czVKMnJuNklPVkxsenJMWFEzWWo5N3RxOGx3eVZOOE8wY3c0TlhSX3ViSGhtcUlpeVM4Q1F4cGwzNWxSZUFJYg?oc=5,2025-10
Kent Cricket suspend comments on social media accounts to protect players' wellbeing - lbc.co.uk,2026-05-01 14:30:55,lbc.co.uk,https://news.google.com/rss/articles/CBMif0FVX3lxTE96REpja1VIMDhwSC13TUxVUTY4eDd4UURZTUV4QWNUQ1NNcVdiaHIxajRsbWNGeC1PWEJ1Z0NyTk03YnJEeGtKcUN5XzNtd3BCQ01xZ0FpQ0o1dGtVZXlWRjRLbHE5WkM3b2R3TUlFUmo0dGdjSGs2SUc5THJUdzA?oc=5,2026-05
Should Social Media Companies Be Held Responsible for Teens’ Mental Health Struggles? - The New York Times,2026-02-05 08:00:00,The New York Times,https://news.google.com/rss/articles/CBMizAFBVV95cUxObzVHMW44b1R4Tlo4ZjBuTTRLTlBxWjc3QU9VVjluZ2VoV2JQOGdLS1JpbTI5UUNEYlFmRV9GUXhTV1lobVhETFhjSlc4R2ZaV0lCMnA3aV9WaUZnMWZMM1hQVHhqOWQtXzlyS09ybWRMd0U1aV9qanNTOTBNYVR5b0xDb0psMnZRTlpnU0JvQWEtaW1HN1lobHIwcTB6R2VWcHFxY1FIQmdpZjc0by1LLVlkMG9IWHhJYm9PUzdteTZPLURZSVZ1OWRnbnA?oc=5,2026-02
Taking a break from social media will boost your mental health - but it won’t help loneliness - The Independent,2025-12-04 08:00:00,The Independent,https://news.google.com/rss/articles/CBMioAFBVV95cUxPZ2dwYzNCa2N1VXhvaVhNaVo5UDhmM0hGMGFma28wMEhqVU5YSnRtOUdPazk3SlpxaG1rRjdhSnUwYlJKQTNWREM4SjB4MFZURE1md2FlZ0Jzd3pYUUp3RGhoV0F1cWp6cXhQSUhlQWZfQVVoUzJRdmdoRnA3S2xjT2dGbDlaYWxkWVVQbEJmaXNOVnljejVBclBNb2hPWktB?oc=5,2025-12
"A week without social media can reduce mental health symptoms in young people, according to a study - Science Media Centre España",2025-11-24 08:00:00,Science Media Centre España,https://news.google.com/rss/articles/CBMivgFBVV95cUxQLUdvSEhBdFo5NVR3ekZHdlFGUVFwWlgzTGROOHV1SUdmWTBBWmhxU2JtR3R5djNnbWZnZEYtMVczcHFaZ3hGUW9fc1JBbmJVY2hISEZwZ0ZTcjloZm9aeHlTX0ExWE1RMVF2WmUzMzlBWEN4TWlHZUprbXNRbE5MQzhHT1l6bGx0N0pkNnVBVnByUkVEZWlqczNZcEVzODZ4Rzg2b3NZTTlXSWtNSnVSN3JOS09GVVNJSUJQWmJn?oc=5,2025-11
Is social media addictive for teens? US courts wade into scientific debate - Nature,2026-02-13 08:00:00,Nature,https://news.google.com/rss/articles/CBMiX0FVX3lxTE9sbHJTS25vRk1iZU0xTVFLbXptZ25NQWNUZWFtaVZPU2tNRHpDUzFhUTFid25zUUxmX01UMlo4Y0dFY0x1Ukp0aktCZXJCeFZGSGFhSGhyU1U2ZW1pNEpz?oc=5,2026-02
A new review combines two decades of research on social media and youth. - Psychology Today,2026-03-25 07:00:00,Psychology Today,https://news.google.com/rss/articles/CBMiuwFBVV95cUxPTjZIcFMwSmI2OVBKYjhMbVl6VmNzbW1xazhDbTBMSFhBZVUtSVBhcktBa0NNVEw2dmk1aWd3SHN3ZGh4QnpiWk9qVHRpc2pId1ZFZTVEWnY2UVl5S09tQU94QnZZZ29RTmFQQnJHdFVuOUIxNDlKeGxMMGZ2emxnUzFQNTZuN0ZKMHp0Z2RLeTcxOUtUdnJXTWhDOTB2RFptVzFjT2thNVhQZ1AyQW1oNWRuZFh4WWd1N2ZR0gHAAUFVX3lxTE9PTE5jcnJ3MFJTeUN2d3pMWnh2NmR5bDJrY29idlBWeHRBZGFfUHV4VE5vQjJLMDNvaVNtN1ZndnhqY3BWWGQ0YUJDdzdjdTJ3d0RzNUREdExLQ1F0MHhBQklFdGZiMGRWX1JLemxhZ01uRWNrNjZkOUJwanNMZUZDYjZvRHNieHItZzlsWGxRR3l0Wkh1SDJmb1duWWJiVlhGa1h4Y0RZU1dqWmFodkdBcmpkUFB6NDFnUUZXZmpDMQ?oc=5,2026-03
TikTok settles just before social media addiction trial to begin - BBC,2026-01-27 08:00:00,BBC,https://news.google.com/rss/articles/CBMiWkFVX3lxTE5Fek9uRnNPUmI2OGtPOGU3b3QtWVRYTUFaRVBmc2IyNHMxUkZUQTNuUVE3LWFiNlduSHc0aXQyZzBUVXdtRXZTN3JYMGFweEJEV0dDSWk1TEJUUQ?oc=5,2026-01
She spent 16 hours on Instagram in a day. It's up to a jury to decide if Meta is to blame - BBC,2026-03-14 07:00:00,BBC,https://news.google.com/rss/articles/CBMiXEFVX3lxTE1pbDlyMVNpQVZ0NWxtRzNXX2o3YUNBY3RlVy1Nb0QzazNoTm1melNzcEo2TzZoSFBuUmFRMFF3OVJSUVUzT0psaXlka3NPMFRJSE9aSE5Ya2hjZWtY?oc=5,2026-03
Study Finds Mental Health Benefit to One-Week Social Media Break - The New York Times,2025-11-24 08:00:00,The New York Times,https://news.google.com/rss/articles/CBMihgFBVV95cUxPcE5aMURvbTNsbHVCWHQyalAyQlpMMFliWGJja1Y4UmNTVnJEMG9vMzNLendDR2VCVmprRWZZQ253NGoxbXF4MENVaWFwajltR3hGNzZwZ2lpM0xoU0ExMHZCb2h6Uk9FOGxhaDdIZERsdGJTRDVJSmJfTkxoQThBRVliVTJ2Zw?oc=5,2025-11
Social Media & Your Child’s Mental Health: What the Research Says - HealthyChildren.org,2026-01-06 08:00:00,HealthyChildren.org,https://news.google.com/rss/articles/CBMiygFBVV95cUxOMDNoTWF0Y25JZ2VLYllQNFIxcmZIMjVMTXhrQUpyazl1Sk9iM0RfYjl6YlJzeC1udXN1UTNFcFE2RjI0dTU5dDVybDhyRkI2MHk0ZkxCcGpOYUREdjdwZ1RhLWIwZTlic09rUXNjcU9HdkVnVFpfdzlqb09hVG1xVmI2V0szX1VPRXoxM3doVk9raHRMalZyZEhHZHNGd2p6dWVLeXZKRy00dGZvRGJmWkxNSi1XOXAwOFZLU0tQV0p0Qkx5YWxvdllR?oc=5,2026-01
How to improve mental health safety on social media – not just for young people - michiganmedicine.org,2026-03-27 07:00:00,michiganmedicine.org,https://news.google.com/rss/articles/CBMisAFBVV95cUxObUxhQ1J2X1l2Ukh6LW03ZFA2UExiMzFOZG5LaGNZTURMeDJSY1FGM1E5cklQeEo0ZjYxNmpNRFJFZ2txRU1KRWs4RlZGUDkzejdkT0FHX21KQ01PWU5NR1VwZlRSaVVZYVY0TWI5R3dONS1ENTFTSTY5bl8yVTh3ZkI2WGV6SVhqbHlmRlJkNEhMdFRzTHgyWnNTUFRvVFhoZGVDMEs2RkFBLVN6anNqdQ?oc=5,2026-03
"Impact of social media likes, comments, or shares on teenagers in England as of March 2021, by mental health status - Statista",2025-11-26 08:00:00,Statista,https://news.google.com/rss/articles/CBMiqwFBVV95cUxNa0tWc1ZLa2JXcmlHN2NZZk5qTWxhT01wRWw3SGdCN3h4WHFDZk42NkE0TkhpU1Q4dDhUQVFmSlJmZVlwaGVObE1sWGpJY3UtZ21MYjZVdkdJMHhTSF9QZmxhbmNTQk9pd0RiM29VQW9sYVlsTmRFdGhzMkJXbXBhSnlWaFMtdTZ0eXo0UnQtc19obmd5TkExRS1SNjB5Y0pfTUxkOThtaG16bzA?oc=5,2025-11
Expert says teenagers don't see the harm in social media - BBC,2025-09-17 07:00:00,BBC,https://news.google.com/rss/articles/CBMiWkFVX3lxTE1rbUZQZENsWlBXajJCRV9ZNGtmR0NzbDBsSXFFTzFMYTZTUFBvcEtMMUJBM3RiRWZpd0NjQzF6OUEzazN6T3hrNFFKNUNmRlBBSFNzTkRxSVV5Zw?oc=5,2025-09
Effects of problematic social media use on depressive symptoms - Nature,2025-12-01 08:00:00,Nature,https://news.google.com/rss/articles/CBMiX0FVX3lxTE1zQmVaYVhDd3g2QXczaENxVWlVMmp5LVBsQk5Pbm9rMGRvMTlySExaaERKdk1JVUFKSmlGSkRSdUV4bThydV9OYlZPRi1MV2VRajRvSUF4RTRRTDJNSHhr?oc=5,2025-12
Prince Harry thanks bereaved families taking on social media firms - BBC,2026-02-12 08:00:00,BBC,https://news.google.com/rss/articles/CBMiWkFVX3lxTE9zWmkxZUh5SkU2SWdTNmlRZHZRaV92RGpwaWdhSDBtdVpJQVlVSVNMbnM0WmJ6MkRtc2NZbk9CS1Zkb3RMOEQ1aXVETFB4Mk95YV9Xa3M3eGMyZw?oc=5,2026-02
"Anxiety, depression: Less social media use can improve symptoms - Medical News Today",2025-12-29 08:00:00,Medical News Today,https://news.google.com/rss/articles/CBMimAFBVV95cUxNOTJTcUI5a3RrazJmNGp6dzBTWVVCdlJvSkQteF8wbWF6NThXQXNzaU5jeWlnNmpFN3hWUU5OTnFBS0o1NjN1d1FBdFVrU1VsdnZ5XzhvaTVpTGc3bVRMdGZKTWNrY1hiT24xV0t2dXp5UHQ5bTA5LV9DT0FzTkxoeWRNbFNOMkl1MlVBMVV6Qjc2QjV4U1dUYw?oc=5,2025-12
On trial: Is social media to blame for the youth mental health crisis? We checked the science - Straight Arrow News - SAN,2026-02-20 08:00:00,Straight Arrow News - SAN,https://news.google.com/rss/articles/CBMisAFBVV95cUxNWlByQVR6dU9EZlFablNSNlBNVDB5WnZLX3VacTZJSWh5MTlzbXhWcFdCNlRueGMzVUJNRzgtZ0dTdGhRclBvMWpXM1NvYWQzamxWUGxhT1RPS1Z0Z1BYdUliaTIyeVk4WGNXRllCelY0aFZPWXBIaFJtOTJneWZUbWtBZ0pyWWhHTGl4dG8zMEU1cGxhZ05vaVUwM3VaTE80SjJ1VEhhOS1WeENDQ2h5aQ?oc=5,2026-02
‘Little evidence’ social media or gaming is to blame for teenage mental health problems - The Independent,2026-01-16 08:00:00,The Independent,https://news.google.com/rss/articles/CBMirgFBVV95cUxOQk12bjlHZlh2Q21yWW1oSG9MbFlURVI1V2M4VnZkUU9Lek5rWkk2N2stajk2NXpjeG5iVWRvX3F1OXJFUGxzcXVqQy1sTFJySWJyWnRBVnRBMnA1c1RVN0YtR1VsOHlPWnJfa2YxR3duMm42OWg0NzhuRlgzazIyX0FhakVSMXZpZW9aZTBmNGFqdTN3c0FyV3NHZnJOU0dBRzJNenV1LVFmZ19pd0E?oc=5,2026-01
Posting on social media overnight linked to poor mental wellbeing – study - Yahoo Finance UK,2025-10-09 07:00:00,Yahoo Finance UK,https://news.google.com/rss/articles/CBMijwFBVV95cUxQaVhuRmxhd19iNzV5Y2gzRHBYeXM5THlSb25uRm1lSk5OMWVaMnR4T1VQUG81SXNfVG1BdkM0eFlFVC1ZU09WOVh6MzdsYTB2aU9hSTBSUVFHaFhCWjJZQVhDT0dwWXhmckp3a1Nld3Z3YjBnRkkwb3JWRmNnZGxjZEp3aUpBVkp1VTBkWUJadw?oc=5,2025-10
Brief exposure to negative news can worsen anxiety; repeated exposure compounds stress. - Psychology Today,2026-01-22 08:00:00,Psychology Today,https://news.google.com/rss/articles/CBMivwFBVV95cUxPOFFmX2NWczIxRkJPX1QyTlRQdEJWYlpwZnJHSzZFSU1GS2lIMEhZbjNvcll5bzZrRURGaHpySmhSWVdPSTdMcHBqRzFkaFNRWlRLN1E4YVhuRDRRWk5yUkdlWFkyeFh2WUs1bUJVMDNNUlEwcVN2c19WOWlMUmFBWlYwcHBHcWNtbC1vY2dMQlYtY2piRnNoOG5tdGlQVHVxTTY5aWhIYUZKMS1ERFA2LS0zY0p6Y1V4bWVsOW1TUdIBxAFBVV95cUxQZUNaMGVrZmI5a0ExRWpQX18xMVhoakZVbWYtcmNHaFg0OElzUHdmdVdzaFoyNzVtanBtZzdOZWVsZ0xQZmoxN2wxNWxWbENjY0tfdDdYdTVpR0ltRUxyQnhQRGRZalpCMEVCOWpHRVN6LTV1dElCQWJuSDh5NnhHQlFMZWxIVzl4V2xhSHFuUDhOQmhaSEEtX2RSRXp5V0xSTHpwdzhPM1hrcDVSRnptdFBqMUIzb0NHM3pRTU9mYV96WUlD?oc=5,2026-01
"Social Media Poses Risks to Children's Mental Health, Review Concludes - U.S. News & World Report",2026-03-20 07:00:00,U.S. News & World Report,https://news.google.com/rss/articles/CBMixwFBVV95cUxQY052OUhLQTBweHhJVmEzVktCTkxNMTZ4SVRuWEItWWhyTklYbldCbmg3YTVHQ1R2Sk9LQmZZV0dGRERKNnUtaWpXMkhFNWdkWlgxT3R6bjNzRjJReGhEN2Y2SVlGTnVNOG8wc0JJaVllLUhVcVBuZnZhb3kyT29OaUlWRDhfcW4tMkdIMFpuWlFTRzctdE0wdzhDYzJMcmxIUVFrSmFGdlhmcGJHQUR3b0xVSlNURnV5NGRaQzBLUmVQSVpOWjE4?oc=5,2026-03
"Teens’ Experiences on TikTok, Instagram and Snapchat - Pew Research Center",2026-04-15 07:00:00,Pew Research Center,https://news.google.com/rss/articles/CBMioAFBVV95cUxNeVp1MldudGpFQS1rbEYwQzZHSVhKTmN6QlpBSXBHbFQ4VF9qLXQ0dXZyeEhVU0xGbUZua3VFLXNYNVFtUV9rQ3psem9sOU1sN2lKWTZ0Y1dIYmliZkQ3dHR3czVhU2VrY2dPWmIycWtnRXAxTjlac0ZUWHdIZVNKRzNkMVpHd2lJQkxNYnpFS0tqbmZ3VWhJckhFRWRFRzht?oc=5,2026-04
Neuroscience explains why teens are so vulnerable to Big Tech social media platforms - The Conversation,2026-04-02 07:00:00,The Conversation,https://news.google.com/rss/articles/CBMiuwFBVV95cUxPeGhJZkl6OS0xdEJnWERlc1VucjJsRThqV1ZTNHdMZHNrVTQ3akpFSFF6dFlxTF9EU2dUSUxCZ2dYcE01THVqQWVmYTNzVGpEMk1WMm5iYlZ5eGJvZS10b2pUZERQMHZwOGJiNHl2MGdXLXZIQ2JjMk82cHpxVkIwc3FodHBQVHBqbzA3YkdlbHBCU2EtaTBkS1JsdVhlTHRsdE8yOW5jSlF2SzR0QkNNc0J6VXROaVVJNmFj?oc=5,2026-04
Child and Adolescent Mental Health | ACAMH Journal | Wiley Online Library - Wiley,2025-09-10 07:00:00,Wiley,https://news.google.com/rss/articles/CBMic0FVX3lxTE5fVTM2dHNSSFpsYXc5eGE4R1BRM3FpVnRZY3R2enF6TnBFT0FXVndyMEtOYy1ia1psREtubHgxbm55S183VFRwX2hCWUh6ODN6azlEajVoYjZjNHJFRkQzaG1qaHhfNkI3enVaOHpTVEJaTms?oc=5,2025-09
Research points to how companies could make social media less addictive for teens - NPR,2026-03-27 07:00:00,NPR,https://news.google.com/rss/articles/CBMihwFBVV95cUxPWFRjVWFOUEhYcjZXS0FlVUxuelY4TExOYzIzdXBnTlhEeGZ3d2QxUi12czFERUJPUVpqSUFzckoxSWc1T2JlYUhJY2dyZFhPSWx6RHV1WmlTaDN3dUF0V3JqR0xpelNPdmNrUFBuSGFFUUl5U1JPRnN5a1hSZ2VFSmlsYnNjRm8?oc=5,2026-03
"Exposure to fake news on social media, coping mechanisms, and mental health impact among Vietnamese adolescents and young adults - Nature",2025-10-08 07:00:00,Nature,https://news.google.com/rss/articles/CBMiX0FVX3lxTE5jTVVsX2c4ZDRMeDF0aE1mNkw0RGczSEp6M2ZkU1JEMUpGeTVrc2s2X19jejM4UDY2NnNXMThFNnE0ZEhIN3BqOG91YllDUXM2SXhQanNqenJ0b2wzZUNN?oc=5,2025-10
The associations between social comparison on social media and young adults’ mental health - Frontiers,2025-08-07 07:00:00,Frontiers,https://news.google.com/rss/articles/CBMikgFBVV95cUxNN0I4LWE1SE50STZEVWdGZy1keUxSQ18yLXU0bXBFbFYzU3kxU2tNOXB4WXJuUmM3ckJPWUIyY21Ka3lGTWZsWHFhZXN6dng2eHUxR2VscDBEaFJ1djBmVHgxTlQ4WFlobW9TUldnR000SWh2dHZFUmNkNk8yNmxmcS1wMlpteThMck9TbWpDX0toUQ?oc=5,2025-08
"Autism Misinformation Widespread On Social Media, Study Finds - Disability Scoop",2026-05-01 02:37:59,Disability Scoop,https://news.google.com/rss/articles/CBMirwFBVV95cUxPU3pOdmFPc3N4TldEQmYyZmVabDdvTllDUU80aVkxLXhFcW05RklZakYzZG9QaXV2eEswU01KMkRiVnR6YWRkQ3pDdUZqeFZYVG41NWhfQlluWjBpSlAwWWdsbUZtNk0weVE4OUVZWkhBcEhRS2tWSFJjY1RzdjFkSnlHXzdLbmlBV1p5Nm1kWFlHaDZ3Vlc1cnEzQ3FmdUdOTWRPZnFvQl84NXpnM1JB?oc=5,2026-05
This Is How Fast a Social Media Detox Can Boost Your Mental Health - SELF Magazine,2025-11-26 08:00:00,SELF Magazine,https://news.google.com/rss/articles/CBMiekFVX3lxTFBURVRSSDRWQVBmdjNmTjFydGFCWmtyUUp2VUx0cXZhQ0RiaWhiel9OS0I3dmxKQ3czSXRhcHMwWjhtb3d3b3IzUzMxcjgyNHYwMTVhRF9tV2d1YTNpNXRXSDNMcUtVTnc1Z0pxWjRkM1JzRVVjX2JsY0h3?oc=5,2025-11
Social Media Detox: How to Unplug for Better Mental Health - CNET,2026-04-05 07:00:00,CNET,https://news.google.com/rss/articles/CBMieEFVX3lxTE9yV1hGTEk1UmNKX1Z3ejZlLXo3VEVoNTVhM2tSeDRKMWtnS2VJdlpfdFdiQmw0NUFoQ1pSbUpITzNTRGpTM01SWHdxYlloRjR0Z0l3N29sSnZBa2tTODJMUjRZNVh3ZEt6WmpiYTFGYTlWT3RLZlh5Sg?oc=5,2026-04
The effects of social media addiction on college students’ psychological anxiety: the mediating role of self-efficacy and coping styles - Frontiers,2025-10-27 07:00:00,Frontiers,https://news.google.com/rss/articles/CBMikgFBVV95cUxOZTNTa1VZZWJnS0hiaXp6T0JaVEZIUlRLUVVQbGJwTDlYMEhqeDNjVEFiM3lwNzVSVVdVbHYwdGdQQ1YtR2hlWkJ6cTFKNzNZSmhFLXk1UlU2RnRFMTM5ODRUVGpyV2VvdlRGZ2czd0dsNm5kSmR4QVBhZHJIMTBDc3NIclh5QUpNR0hPOVNnclV6dw?oc=5,2025-10
What doctors wish patients knew about social media’s health impact - American Medical Association,2026-03-20 07:00:00,American Medical Association,https://news.google.com/rss/articles/CBMiugFBVV95cUxOM3BrQUNYUUpSOEc0RUtNcjJvLUM2ZDdnajVkM0w5X0JsNUxhZFkyLU5iWFU0aVFIUU5yQ2dvTVBvaERSNWpxMkxaS2pwSmIya2p6SWZYLWFETDdFWWRNM2VZa1VTQmZwUUNzVmd2aWxvNWN3OGhiNDhKNmkyM21xX0ZmLXhiZ0ZteTNvVHVnOExDTnhpQWc3NzE5MTF2aG10bGxMVVFyeVlGMlItN2VSSDJ3VnV1TVg1UVE?oc=5,2026-03
Australia’s world-first social media ban is a ‘natural experiment’ for scientists - Nature,2025-12-11 08:00:00,Nature,https://news.google.com/rss/articles/CBMiX0FVX3lxTE53aEJUOUsxV2NXLXktTlVxdHR3eFU3aTVHUjB3MG9qS3dnbk93ZGNfYWpNNy1iVzVfRnFOSEZHejhZTEtaQTVsRk51S2JBdWhjc3hpT3lQc2tPOTctVkVB?oc=5,2025-12
Is a News and Social Media Overload Negatively Affecting Your Mental Health? - Boston University,2025-10-17 07:00:00,Boston University,https://news.google.com/rss/articles/CBMilwFBVV95cUxPMlBlbU41dFhGd0VXR0U5SkdHRDFzVWhsR1NuNTU3ZEJJa0cwOW9BTkJLcDJYU3dDLXM4Vm1pOGFxVklqN25KWExMc0cwNlo2OVBNNU83aUdMYndsLVZCclBKUGdYdVlsZ2lqTUhlX2xKN250ckZZTGFIaFh3WS16dFlmQnJYZTlVUEN4QWR5cmVpT3k0bl80?oc=5,2025-10
"A short social media detox improves mental health, a study shows. Here's how to do it - NPR",2025-12-02 08:00:00,NPR,https://news.google.com/rss/articles/CBMilAFBVV95cUxQOGIyV3NsUGwtV1NWQjlmN1BheTVtSFZEcFNkaGc3QUs4bVNTWHd3ajBZdE5RZmxUU1l3UC0wcEtKcUFuaVVaUEI1S3FiUGZybFctM1h0YzJUYXRnazlDNUhlZGNHdHdla0NuTGo2Vm83MFhMLVVQNmhMb0t5VlZhdDBLVGZDRnZEamM1blZDYm9zMDU1?oc=5,2025-12
Disconnect to reconnect: social media's mental health toll - Meer | English edition,2025-11-06 08:00:00,Meer | English edition,https://news.google.com/rss/articles/CBMijwFBVV95cUxQVjNSbWFzdEIydXhIdnphUW9JczUtdUNZdlVKd3RvNXNsUG1RTWRxZ0xtd0lqb3lsN05YUFlBTG1rdHJoS2JUWUZFQzNUbklaLXpyMURzUld3REN3eFdCZy03WEZNNDV4Sm9yMWUzM2hsMnYwVWU2MjVocFVILV9lQkpGblJfX0t1X3hqSGQwSQ?oc=5,2025-11
New York to require social media platforms to display mental health labels - Al Jazeera,2025-12-26 08:00:00,Al Jazeera,https://news.google.com/rss/articles/CBMitwFBVV95cUxQZzVYSm9OdE5TbFpNMmJ6WEdVTWtVOGhyTTZUZ3hqeElKdjgzcW1BdVZNd2ZBdThfT3JmMzM2S3BwRnN5ZERIRWNfVEN3ZUxXeTQ3WlREeVE5dnNBTzJrX0ZnWk4ydkFnUURUNG9oZkRHRDQ1Nkt0d1NsU1lUbHBFWFVrS1BmSTAyVklRQUVCUC1TX21fZm1kU2dQM2VnRUV6STEtWVNoRTI4UjFxclVzXzJiM1d4cmvSAbwBQVVfeXFMTzhhM1daVFhuNi1hNWdzQmNUdFl3ZWoybDQ5MjF5dFFMYjRnWnpjMWttY2kxTWtoLXUzRG9wX2RiNjgxdWZ3ZEN5eGg4alc2eHM3SDJOakpIXzVJckFidFdIZjkzYVh0UjNCNlNwb2FiUF9PYmk4NUt0dFlZUC1faUsxTG1jRmxXU3dManAtcFNSWEtxa3VsbEdhXzdTMmN3TXd0UGJtNnpvdG4wVWl1RjdZd2Y0dk5Zc1dXeXA?oc=5,2025-12
Mental health effects of social media for users in the U.S. 2025 - Statista,2026-03-12 07:00:00,Statista,https://news.google.com/rss/articles/CBMikAFBVV95cUxOUHVrLTdzWmxIakZJWEtOWW1lc3JfSXJPM3RMbm5GNjVYR3lldnlyaDFoT05BX3NzQmEwakRXaHA4M1p3Z053VVoyX0VrMkJSTExabEJIa3JlNS1aVVNsVmVWV1d0a0Q4U3RVSGlPVFZQTnloZE9ZYXVoSHdrOUxIMldYTUE2Z3pseHBTOXdaWTY?oc=5,2026-03
Behind the screens: Social media’s mental health toll on teenage girls - Türkiye Today,2026-01-30 08:00:00,Türkiye Today,https://news.google.com/rss/articles/CBMitgFBVV95cUxNSFk5RXVsLVQ4RVZMQ1JRN1JUZUk3UG9VVk02Y1B1aE5WYTFVOXRWbi1hZFpfRXQxZ0JTRldIRGx5VWxRZ1g1OGlWX2ZHaTlHU1pWcWdsc3c1bWVXMk9ERElQQ1NYaDFBSmpkckxkQlRibVFBMHItQi1Lb1pua1ZqTnBkVVpVVG1tUDBHRU96d1JxZHlTMjJVY1hQZFp1XzItUUhKUjl6LVlOZUtLSVZER0ZUWW9mUQ?oc=5,2026-01
French health agency warns of social media risks to teenagers - Le Monde.fr,2026-01-17 08:00:00,Le Monde.fr,https://news.google.com/rss/articles/CBMiygFBVV95cUxNLTdqbEZ6REZQR01zRkxwOFQ2Ymh0OVUtSVZpOWV2b3N5Z1VpOGdybHE0SWdYdG5POUUtZllwZFNCUUZVVURKUWFvaXJ6TmxGaVVlUmRXQVpET3d0d25RU3A0Rk9DN3JnTDhVWlVrbXEyQ3lqM2JUMm5FNVNUR1kxMGx3QlZJM3htOG1mQ0hoc0cxdUtUdzFMUFJhdW5tMTNRNVkySXE0SGNYUlRRVGtjVjR0MUZpZ0NYRDdsQ3N2b1oyNEo2X0tIYzB3?oc=5,2026-01
Mental health - World Health Organization (WHO),2026-01-08 08:00:00,World Health Organization (WHO),https://news.google.com/rss/articles/CBMidkFVX3lxTE9HaF9FSVYyMWw1bm1KSXdLTzRxRlNqZU5hV0cyOVVOZ2JWX3Y5eENPSnpIVnpLMm1FUDlLTnZkcktwMWVkYmxtVFdpZTVYYld0c2VUdmVZWXVRX29mc21JdDB0YkRVNU9mMzNaX2VDbmE4NHJ0UFE?oc=5,2026-01
"AI and social media benefit teen mental health if they help design it, psychology study finds - University of California, Berkeley",2025-12-03 08:00:00,"University of California, Berkeley",https://news.google.com/rss/articles/CBMivgFBVV95cUxPNGQtVDRBVGhKVkdZX1V1TThFVDhwSHRNZFoyM09Va19CMGJuOW5DZnlzVzFPd2lZVExJOWdpN3dRMHNQdjBTVkFyTy13T1J2SlpCcUR3Z1h6NGtna2Fjc0J4dkllUDFiOWYzSXJITUhzUWd0cjk3MXowbDVpZFlkazVZVnRFNjBoQzZZUmZ4T191Mm5HQzBLRzVpdmFjMHRjNmlKUzZkY1hoVlloNGRKT1pIUExHQlh3YzU1YWNR?oc=5,2025-12
Mental Health in the Scroll Age - Hopkins Bloomberg Public Health Magazine,2025-10-17 07:00:00,Hopkins Bloomberg Public Health Magazine,https://news.google.com/rss/articles/CBMidkFVX3lxTE95RXE1YlhqYWJwUGVIdTJ6LXUxZDdxZTZKUmJrY2FxbWk3RXY3Zm9xZmdPa2ZyTFBlN2VObG42Qk9CYzhXZkdlbjc3M1VFTEc5UEItMGlrNWE1bUlMN1JISExnb1VFQnRBTG9WMDMyTkNJbExmVWc?oc=5,2025-10
Early research shows benefits of social media break - Harvard Gazette,2025-12-16 08:00:00,Harvard Gazette,https://news.google.com/rss/articles/CBMirgFBVV95cUxOcFFJQTFyaXlwT0ZmUURXTHVMRmtER2FEZHpZN1dabTd6YzdRMW9kMFFGS2RlUDE3d1BEN0VIdkN4UW1ZUWRrWUFzNDZXWWRIZ250azBubDh2V29oaUlSR2kyQXhlV3I3TkN0TGlicmNXTlVqLWNtdUxjc1IweE1TNTNLZjNfcG5FRjM3UWZMRjB3akpPeFhCejVwVWxUOVFMQjRORkhxdzBfX0dTY1E?oc=5,2025-12
Is Your Teen’s Social Media Use Dangerous? - ADDitude,2025-09-08 07:00:00,ADDitude,https://news.google.com/rss/articles/CBMilgFBVV95cUxNeDR4VEZXYTZ6UzdCMVp3eUNPNS1NVXdPR0k2Ti16aVNGZlJYcExGeXJiWlFSTmhqZHE3blA4NjJSMzZtQUFkVlVJNEhnUFdoRlc4bW9xMDZxVXVtTjV5c1c1Y1VKbzFjbTF6UVMzYlhrUFZmdEN2azJEQkxQTlZPU1dLdGNVUjFrWUtrZWt4TFIxSEJSWVE?oc=5,2025-09
UK study tests social media restrictions on children’s mental health - Digital Watch Observatory,2026-01-21 08:00:00,Digital Watch Observatory,https://news.google.com/rss/articles/CBMimAFBVV95cUxNb2pnOVlBSUpIYUNOVV93SHI1RldfWm5JdlhuZWZaVFJ0QUtnT2FuSXVDZHM2U3RIdHlpV2VaOUw3amg1ckVvaXdEd3JqalUxRkFmVTlXLTFMeHhhMndKczNtRXI2ellvNTRmX2hONWE1cnpJZlNPWDQ4VEhNMENVbjliak9XRHNRQWtqdlEwcnRpRGlLRmN0Wg?oc=5,2026-01
Meta and YouTube head to trial over harm to children after TikTok settles - NPR,2026-01-27 08:00:00,NPR,https://news.google.com/rss/articles/CBMilwFBVV95cUxQZWh5b2p1azRlNUxGOWxkeUlRRFFFTHpjYXE1cnZGbEo1S3VScHF6S3NBMEZQSVNPdW5zWnNkdnNPTUl5UnFINVdjUF9vbXhLNHlPZFpFdnBlTENORG9VWFU0N21ucFdiMTdhRllWUWRvbG4zVnp1cm9aYkl1ai1uNjFpdHhSUjd5b2lna2xrbXVSRGZTblk4?oc=5,2026-01
Excessive screen time is associated with mental health problems in US children and adolescents: physical activity and sleep as parallel mediators - Nature,2026-01-31 08:00:00,Nature,https://news.google.com/rss/articles/CBMiX0FVX3lxTE1RdURvdkhNTUYtclVBWkFUOHRUT3BoTHJqZWkzc1NScmxEc0ZwUFZETXBscl90TUItUFBMcEpuamIyTEwyd05UTnQzZUpMd3R0WnJ5MWtndFJVUWRKLWNN?oc=5,2026-01
A Legal Decision That Could Change Social Media - The Atlantic,2026-03-25 07:00:00,The Atlantic,https://news.google.com/rss/articles/CBMimwFBVV95cUxOYWR1Tm9xS1h3cHpINTFmTGkwVmZDMGU0RS1Pa0ktTVpOMWVSYnZVOHNMNUpQYmx3dTBqUU53S2F0RXliN1FRSGd6X29Pejc3LU10V0ZqZDl6VWUybjliSExSNUtNeG5MTFBHemtMNFlFSVJHd1hsWDJ2dElqVWoyTmNIV2ZITzlNVTN4a0EyOTl5SEJZTEY3cE9rSQ?oc=5,2026-03
"A New Study On YouTube, Mental Health, And Social Media Influencers - Forbes",2025-12-01 08:00:00,Forbes,https://news.google.com/rss/articles/CBMitgFBVV95cUxOazRQUFM2RmpOcjlWb003Tlg0b3NORGREa2JwODJUekkteUtRQnZUM0NBSHRsdmswWnZGLTNJVUtaOUlQM2tKOGlscGJsV0Z2WUpjXzJUMzJlM0tUbkZrSjRuckJDU0NBUlNIRGhkQUwtZGZWOFVHUzZUSnJGeklLVHhqZzQ0eDlJY0JJR2tfMW9WYmFNTzZIMG1TNmItVHNjc2Zhc0pfS0k4NEE5V2VpeUNXSmxoUQ?oc=5,2025-12
